<?xml version="1.0" encoding="UTF-8"?>
<root>
  <item name="com.lxj.xpopup.util.PermissionConstants java.lang.String[] getPermissions(java.lang.String) 0">
    <annotation name="androidx.annotation.StringDef">
      <val name="value" val="{com.lxj.xpopup.util.PermissionConstants.STORAGE}" />
    </annotation>
  </item>
  <item name="com.lxj.xpopup.util.PermissionConstants.PermissionGroup">
    <annotation name="androidx.annotation.StringDef">
      <val name="value" val="{com.lxj.xpopup.util.PermissionConstants.STORAGE}" />
    </annotation>
  </item>
  <item name="com.lxj.xpopup.util.XPermission com.lxj.xpopup.util.XPermission create(android.content.Context, java.lang.String...) 1">
    <annotation name="androidx.annotation.StringDef">
      <val name="value" val="{com.lxj.xpopup.util.PermissionConstants.STORAGE}" />
    </annotation>
  </item>
</root>

